key,key_hex,unicode,unicode_name,identity,status,note
a,0x61,U+2648,ARIES,Aries,match,
b,0x62,U+2649,TAURUS,Taurus,match,
c,0x63,U+264A,GEMINI,Gemini,match,
d,0x64,U+264B,CANCER,Cancer,match,
e,0x65,U+264C,LEO,Leo,match,
f,0x66,U+264D,VIRGO,Virgo,match,
g,0x67,U+264E,LIBRA,Libra,match,
h,0x68,U+264F,SCORPIUS,Scorpio,match,
i,0x69,U+2650,SAGITTARIUS,Sagittarius,match,
j,0x6A,U+2651,CAPRICORN,Capricorn,match,
k,0x6B,U+2652,AQUARIUS,Aquarius,match,
l,0x6C,U+2653,PISCES,Pisces,match,
A,0x41,U+2609,SUN,Sun,match,
B,0x42,U+263D,FIRST QUARTER MOON,Moon,match,
C,0x43,U+263F,MERCURY,Mercury,match,
D,0x44,U+2640,FEMALE SIGN,Venus,match,
E,0x45,U+2642,MALE SIGN,Mars,match,
F,0x46,U+2643,JUPITER,Jupiter,match,
G,0x47,U+2644,SATURN,Saturn,match,
H,0x48,U+2645,URANUS,Uranus,match,
I,0x49,U+2646,NEPTUNE,Neptune,match,
J,0x4A,U+2647,PLUTO,Pluto,match,
K,0x4B,U+260A,ASCENDING NODE,North Node,match,
L,0x4C,U+260B,DESCENDING NODE,South Node,match,
M,0x4D,U+26B7,CHIRON,Chiron,match,
N,0x4E,U+26B8,BLACK MOON LILITH,Black Moon Lilith,match,
O,0x4F,U+26B3,CERES,Ceres,match,
P,0x50,U+26B4,PALLAS,Pallas,match,
Q,0x51,U+26B5,JUNO,Juno,match,
R,0x52,U+26B6,VESTA,Vesta,match,
S,0x53,U+1F774,LOT OF FORTUNE,Lot of Fortune,match,
T,0x54,U+2641,EARTH,Earth,match,
U,0x55,U+2BF0,ERIS FORM ONE,Eris,match,
V,0x56,U+2BF2,SEDNA,Sedna,match,
W,0x57,U+2BDA,HYGIEA,Hygiea,match,
X,0x58,U+2661,WHITE HEART SUIT,Eros (asteroid),match,
Y,0x59,U+2BDB,PHOLUS,Pholus,match,
Z,0x5A,U+211E,PRESCRIPTION TAKE,Retrograde,match,
m,0x6D,U+260C,CONJUNCTION,Conjunction,match,
n,0x6E,U+260D,OPPOSITION,Opposition,match,
o,0x6F,U+25B3,WHITE UP-POINTING TRIANGLE,Trine,match,
p,0x70,U+25A1,WHITE SQUARE,Square,match,
q,0x71,U+26B9,SEXTILE,Sextile,match,
r,0x72,U+26BB,QUINCUNX,Quincunx,match,
s,0x73,U+26BA,SEMISEXTILE,Semisextile,match,
t,0x74,U+2220,ANGLE,Semisquare,match,
u,0x75,U+26BC,SESQUIQUADRATE,Sesquiquadrate,match,
v,0x76,U+2BF5,RUSSIAN ASTROLOGICAL SYMBOL QUINTILE,Quintile,match,
w,0x77,U+2BF4,RUSSIAN ASTROLOGICAL SYMBOL NOVILE,Novile,match,
x,0x78,U+2BF3,RUSSIAN ASTROLOGICAL SYMBOL VIGINTILE,Vigintile,match,
y,0x79,U+2726,BLACK FOUR POINTED STAR,Fixed star,match,
z,0x7A,U+2297,CIRCLED TIMES,Lot of Fortune (circled times),match,
À,0xC0,U+2BD3,PLUTO FORM TWO,"Pluto, form two",match,
Á,0xC1,U+2BD4,PLUTO FORM THREE,"Pluto, form three",match,
Â,0xC2,U+2BD5,PLUTO FORM FOUR,"Pluto, form four",match,
Ã,0xC3,U+2BD6,PLUTO FORM FIVE,"Pluto, form five",match,
Ä,0xC4,U+26E2,ASTRONOMICAL SYMBOL FOR URANUS,Uranus (astronomical),match,
Å,0xC5,U+2BF1,ERIS FORM TWO,"Eris, form two",match,
Æ,0xC6,U+263E,LAST QUARTER MOON,Asteroid Lilith,match,
È,0xC8,U+1F774,LOT OF FORTUNE,Lot of Fortune (Moon),match,Also at S in Pro
É,0xC9,U+29B6,CIRCLED VERTICAL BAR,Lot of Spirit (Sun),match,Circle with vertical bar; alternate: circled S
Ê,0xCA,U+E102,PRIVATE USE (Lot of Eros),Lot of Eros (Venus),match,Composed: Venus with a lot index
Ë,0xCB,U+E103,PRIVATE USE (Lot of Necessity),Lot of Necessity (Mercury),match,Composed: Mercury with a lot index
Ì,0xCC,U+E104,PRIVATE USE (Lot of Courage),Lot of Courage (Mars),match,Composed: Mars with a lot index
Í,0xCD,U+E105,PRIVATE USE (Lot of Victory),Lot of Victory (Jupiter),match,Composed: Jupiter with a lot index
Î,0xCE,U+E106,PRIVATE USE (Lot of Nemesis),Lot of Nemesis (Saturn),match,Composed: Saturn with a lot index
